"","sugar","treatment","alcohol_concentration"
"1",0,"control",0
"2",0,"control",0
"3",0,"control",0
"4",0,"control",0
"5",0,"control",0
"6",0,"control",0
"7",0,"control",0
"8",0,"control",0
"9",0,"control",0
"10",0,"control",0
"11",0,"control",0
"12",0,"control",0
"13",0,"control",0
"14",0,"control",0
"15",0,"control",0
"16",0,"control",0
"17",0,"control",0
"18",0,"control",0
"19",0,"control",0
"20",0,"control",0
"21",0,"control",0
"22",0,"control",0
"23",0,"control",0
"24",0,"control",0
"25",0,"control",0
"26",0,"control",0
"27",0,"control",0
"28",0,"control",0
"29",0,"control",0
"30",0,"control",0
"31",0,"control",0
"32",0,"control",0
"33",0,"control",0
"34",0,"control",0
"35",0,"control",0
"36",0,"control",0
"37",0,"control",0
"38",0,"control",0
"39",0,"control",0
"40",0,"control",0
"41",0,"control",0
"42",0,"control",0
"43",0,"control",0
"44",0,"control",0
"45",0,"control",0
"46",0,"control",0
"47",0,"control",0
"48",0,"control",0
"49",0,"control",0
"50",0,"control",0
"51",0,"control",0
"52",0,"control",0
"53",0,"control",0
"54",0,"control",0
"55",0,"control",0
"56",0,"control",0
"57",0,"control",0
"58",0,"control",0
"59",0,"control",0
"60",0,"control",0
"61",0,"control",0
"62",0,"control",0
"63",0,"control",0
"64",0,"control",0
"65",0,"control",0
"66",0,"control",0
"67",0,"control",0
"68",0,"control",0
"69",0,"control",0
"70",0,"control",0
"71",8,"control",0.103742619629143
"72",8,"control",0.111462237598513
"73",8,"control",0.117377283013806
"74",8,"control",0.0911875562854353
"75",8,"control",0.0751495252949731
"76",8,"control",0.0900185924392212
"77",8,"control",0.0942352149856777
"78",8,"control",0.140889481840121
"79",8,"control",0.125678632417408
"80",8,"control",0.106479864553396
"81",8,"control",0.0886689369684686
"82",8,"control",0.101160806333301
"83",8,"control",0.142744452038391
"84",8,"control",0.129469297105178
"85",8,"control",0.109313933951817
"86",8,"control",0.0499741500513316
"87",8,"control",0.0188545091889298
"88",8,"control",0.0478922732029568
"89",8,"control",0.11209225510295
"90",8,"control",0.078037818427542
"91",8,"control",0.091649171110648
"92",8,"control",0.138526920616793
"93",8,"control",0.124720879032317
"94",8,"control",0.0284669330466946
"95",8,"control",0.122170067676503
"96",8,"control",0.086228578762003
"97",8,"control",0.102485949510724
"98",8,"control",0.100720709146979
"99",8,"control",0.0368809274244
"100",8,"control",0.1138920605039
"101",8,"control",0.110712034274762
"102",8,"control",0.0843578996651533
"103",8,"control",0.119661865713634
"104",8,"control",0.0933700401740981
"105",8,"control",0.109297235010542
"106",8,"control",0.103891452913728
"107",8,"control",0.0860941859315221
"108",8,"control",0.101500825281294
"109",8,"control",0.0935416495352612
"110",8,"control",0.126967488656263
"111",8,"control",0.108801138502693
"112",8,"control",0.0713218294759141
"113",8,"control",0.0636095588823025
"114",8,"control",0.148934328001117
"115",8,"control",0.0414761384888989
"116",8,"control",0.11311598767112
"117",8,"control",0.0942353743130578
"118",8,"control",0.132906670587616
"119",8,"control",0.0706159283792921
"120",8,"control",0.0753944556755548
"121",8,"control",0.118188045244938
"122",8,"control",0.105818170943213
"123",8,"control",0.140440508928171
"124",8,"control",0.144323895498551
"125",8,"control",0.103901907230225
"126",8,"control",0.134682415565964
"127",8,"control",0.0500358114653417
"128",8,"control",0.0701268683667167
"129",8,"control",0.145727456222984
"130",8,"control",0.0807619068675885
"131",8,"control",0.105236416587074
"132",8,"control",0.0893242375522864
"133",8,"control",0.0493993063269339
"134",8,"control",0.156371396565817
"135",8,"control",0.0566839399441926
"136",8,"control",0.133635893849642
"137",8,"control",0.0984451406178092
"138",8,"control",0.130833886327171
"139",8,"control",0.111878372720877
"140",8,"control",0.0827946042902774
"141",16,"control",0.0726592898175081
"142",16,"control",0.0676922051141694
"143",16,"control",0.133995830641355
"144",16,"control",0.0393757556206336
"145",16,"control",0.0963980093028043
"146",16,"control",0.123617370999639
"147",16,"control",0.104790553468985
"148",16,"control",0.0786049617625112
"149",16,"control",0.132421832923247
"150",16,"control",0.150560466397453
"151",16,"control",0.0724683947568112
"152",16,"control",0.0981572160769739
"153",16,"control",0.0676711149762252
"154",16,"control",0.0517622737317173
"155",16,"control",0.123631943888492
"156",16,"control",0.0646948220696663
"157",16,"control",0.0802768667665236
"158",16,"control",0.110726838377968
"159",16,"control",0.0975674607823152
"160",16,"control",0.0398289565008412
"161",16,"control",0.0537609092349402
"162",16,"control",0.0878248350946935
"163",16,"control",0.0541667529195083
"164",16,"control",0.12742162603041
"165",16,"control",0.102349676645764
"166",16,"control",0.106308597944189
"167",16,"control",0.0876796249167345
"168",16,"control",0.102157490131608
"169",16,"control",0.0856651165510879
"170",16,"control",0.171991777092148
"171",16,"control",0.146737519256551
"172",16,"control",0.147986098279698
"173",16,"control",0.0916274210604557
"174",16,"control",0.137401472655684
"175",16,"control",0.182457468361935
"176",16,"control",0.0821376133307331
"177",16,"control",0.123982675910959
"178",16,"control",0.136049874808462
"179",16,"control",0.0943077324552603
"180",16,"control",0.153496851928447
"181",16,"control",0.0946081507136401
"182",16,"control",0.123786468456896
"183",16,"control",0.091849649397299
"184",16,"control",0.105627675715981
"185",16,"control",0.107374507499416
"186",16,"control",0.0759893860841796
"187",16,"control",0.134909730802344
"188",16,"control",0.0523896816277375
"189",16,"control",0.101014591897506
"190",16,"control",0.0796158508907536
"191",16,"control",0.121916024037981
"192",16,"control",0.110105723688128
"193",16,"control",0.0838696318240904
"194",16,"control",0.133512580186598
"195",16,"control",0.103989591102842
"196",16,"control",0.127348699119798
"197",16,"control",0.157477276500341
"198",16,"control",0.120496440084377
"199",16,"control",0.099744979051734
"200",16,"control",0.087625639426418
"201",16,"control",0.0966256635483902
"202",16,"control",0.0925990397125862
"203",16,"control",0.152017344376394
"204",16,"control",0.0958105642925113
"205",16,"control",0.0992238889226321
"206",16,"control",0.10511138864743
"207",16,"control",0.0759814490764768
"208",16,"control",0.0631755866461206
"209",16,"control",0.0492665516558852
"210",16,"control",0.133204511762232
"211",24,"control",0.112973116405732
"212",24,"control",0.0717398274216393
"213",24,"control",0.10129648743404
"214",24,"control",0.0823143135050387
"215",24,"control",0.12313286634224
"216",24,"control",0.140299663399688
"217",24,"control",0.0369146489924039
"218",24,"control",0.0981288194553807
"219",24,"control",0.111672152283106
"220",24,"control",0.110716477207255
"221",24,"control",0.0513113093230612
"222",24,"control",0.138336860411487
"223",24,"control",0.0940016304740004
"224",24,"control",0.117849326681907
"225",24,"control",0.15743685951577
"226",24,"control",0.16068429209283
"227",24,"control",0.0939900468377582
"228",24,"control",0.111938661136665
"229",24,"control",0.0889473271538744
"230",24,"control",0.12022118485105
"231",24,"control",0.077897404983229
"232",24,"control",0.044495543191854
"233",24,"control",0.120695140622764
"234",24,"control",0.150410388040652
"235",24,"control",0.0791409057148425
"236",24,"control",0.073724317913587
"237",24,"control",0.114126667705391
"238",24,"control",0.0769487721709676
"239",24,"control",0.0620351399913823
"240",24,"control",0.0584677798286431
"241",24,"control",0.165801336092293
"242",24,"control",0.0630074300700659
"243",24,"control",0.110191988353468
"244",24,"control",0.136727434489951
"245",24,"control",0.12187844211821
"246",24,"control",0.0696094612458011
"247",24,"control",0.0675653729444233
"248",24,"control",0.0563262587842446
"249",24,"control",0.0649765165777957
"250",24,"control",0.0430030722049054
"251",24,"control",0.119765320405982
"252",24,"control",0.115788224679912
"253",24,"control",0.110224758985281
"254",24,"control",0.0930138784658262
"255",24,"control",0.0986661723846703
"256",24,"control",0.109463502085456
"257",24,"control",0.111429598802179
"258",24,"control",0.083690975613151
"259",24,"control",0.107092503849443
"260",24,"control",0.103389692842386
"261",24,"control",0.0993187341165348
"262",24,"control",0.0634482127699112
"263",24,"control",0.142784334199721
"264",24,"control",0.0784416074820935
"265",24,"control",0.091196642005824
"266",24,"control",0.127297989927656
"267",24,"control",0.0994085641641197
"268",24,"control",0.0928072919374363
"269",24,"control",0.112740916423057
"270",24,"control",0.0935050834811035
"271",24,"control",0.0591903598725251
"272",24,"control",0.11779540961711
"273",24,"control",0.0613276799166171
"274",24,"control",0.056967968363367
"275",24,"control",0.0802846147344111
"276",24,"control",0.150681913414783
"277",24,"control",0.130331068449527
"278",24,"control",0.116345436737746
"279",24,"control",0.0781172182893785
"280",24,"control",0.0999625806978679
"281",32,"control",0.109657584872404
"282",32,"control",0.1014181108766
"283",32,"control",0.0848159990268515
"284",32,"control",0.0842305305614487
"285",32,"control",0.0725270528113127
"286",32,"control",0.127994329070039
"287",32,"control",0.0892281741575439
"288",32,"control",0.0756521091910819
"289",32,"control",0.0538093271861914
"290",32,"control",0.101525597968973
"291",32,"control",0.0871942744404662
"292",32,"control",0.0875764842841658
"293",32,"control",0.087085247464688
"294",32,"control",0.160934613549217
"295",32,"control",0.092811152793943
"296",32,"control",0.144525129802285
"297",32,"control",0.127658775718431
"298",32,"control",0.0990037380619197
"299",32,"control",0.138925817237867
"300",32,"control",0.115123205003462
"301",32,"control",0.0901953951303634
"302",32,"control",0.0700465659592383
"303",32,"control",0.15288210468136
"304",32,"control",0.127762084459906
"305",32,"control",0.0669698660435106
"306",32,"control",0.163699387043538
"307",32,"control",0.141550800340879
"308",32,"control",0.114759331345821
"309",32,"control",0.0642166764370409
"310",32,"control",0.108237673503518
"311",32,"control",0.107960471568846
"312",32,"control",0.0746919188801312
"313",32,"control",0.137057806445208
"314",32,"control",0.10937907657535
"315",32,"control",0.0852026636911667
"316",32,"control",0.0325517525662302
"317",32,"control",0.0487367373089488
"318",32,"control",0.106219993244548
"319",32,"control",0.197738084428649
"320",32,"control",0.0876705632303996
"321",32,"control",0.0183451215574728
"322",32,"control",0.119111990218199
"323",32,"control",0.0813526597941329
"324",32,"control",0.0662889524865668
"325",32,"control",0.145934707808206
"326",32,"control",0.115831527669265
"327",32,"control",0.0625223302835591
"328",32,"control",0.066691645307901
"329",32,"control",0.083309871569595
"330",32,"control",0.0902836356196317
"331",32,"control",0.0403399604197988
"332",32,"control",0.0509849121014598
"333",32,"control",0.115839242848366
"334",32,"control",0.0813113996124117
"335",32,"control",0.0907022734334961
"336",32,"control",0.05646470702867
"337",32,"control",0.123085622978959
"338",32,"control",0.104934587993278
"339",32,"control",0.0559496138167918
"340",32,"control",0.141995331465926
"341",32,"control",0.110365153880577
"342",32,"control",0.0440688781992726
"343",32,"control",0.120006022206393
"344",32,"control",0.107940037329452
"345",32,"control",0.0983108582944768
"346",32,"control",0.214441972651168
"347",32,"control",0.053764393312825
"348",32,"control",0.0915630392761089
"349",32,"control",0.0455393907271618
"350",32,"control",0.10250296780991
"351",40,"control",0.0994860538180481
"352",40,"control",0.0582329860239552
"353",40,"control",0.0983889777941841
"354",40,"control",0.0715170033603036
"355",40,"control",0.0928977602904863
"356",40,"control",0.113887517992015
"357",40,"control",0.109044047983789
"358",40,"control",0.140794411577135
"359",40,"control",0.0877309166593983
"360",40,"control",0.0768313585902212
"361",40,"control",0.153203238500957
"362",40,"control",0.0736408944538706
"363",40,"control",0.0733184506771551
"364",40,"control",0.0967731519829603
"365",40,"control",0.115464298763338
"366",40,"control",0.11252928579537
"367",40,"control",0.0641310519377767
"368",40,"control",0.122690728284793
"369",40,"control",0.106775846483876
"370",40,"control",0.125220049893205
"371",40,"control",0.0881233037025172
"372",40,"control",0.0820338509429256
"373",40,"control",0.102387683510696
"374",40,"control",0.0891674597189922
"375",40,"control",0.0897083929173954
"376",40,"control",0.0772578065605773
"377",40,"control",0.0871083715108461
"378",40,"control",0.0988090279793845
"379",40,"control",0.127247330447368
"380",40,"control",0.0517459935126544
"381",40,"control",0.0863562197078232
"382",40,"control",0.124746771557735
"383",40,"control",0.13005196121439
"384",40,"control",0.14345132028586
"385",40,"control",0.14869035318693
"386",40,"control",0.0919402496767593
"387",40,"control",0.150181371460966
"388",40,"control",0.123440267669442
"389",40,"control",0.156852463997641
"390",40,"control",0.120652812612075
"391",40,"control",0.15955420779893
"392",40,"control",0.136879802639898
"393",40,"control",0.065835910121535
"394",40,"control",0.136879106393419
"395",40,"control",0.104651571036455
"396",40,"control",0.146681135961277
"397",40,"control",0.128814413294478
"398",40,"control",0.111278961230737
"399",40,"control",0.0680815419705805
"400",40,"control",0.135396375444911
"401",40,"control",0.120851014195421
"402",40,"control",0.13290946169666
"403",40,"control",0.0932393936680583
"404",40,"control",0.115879670973309
"405",40,"control",0.0778088513969222
"406",40,"control",0.121777168345205
"407",40,"control",0.0995691024030444
"408",40,"control",0.0714539571475419
"409",40,"control",0.10369568652877
"410",40,"control",0.126908444381965
"411",40,"control",0.0748954531623755
"412",40,"control",0.0460532866639529
"413",40,"control",0.139533953559454
"414",40,"control",0.0611161687468622
"415",40,"control",0.0592593389181676
"416",40,"control",0.111718088970266
"417",40,"control",0.0487522792705827
"418",40,"control",0.0864097149589464
"419",40,"control",0.139208203120783
"420",40,"control",0.0502467991458518
"421",0,"S_cerv",4.68127781528609
"422",0,"S_cerv",4.8984028150058
"423",0,"S_cerv",3.96808574385636
"424",0,"S_cerv",3.81088739840585
"425",0,"S_cerv",4.06759868039244
"426",0,"S_cerv",6.20797428164085
"427",0,"S_cerv",5.35936806058032
"428",0,"S_cerv",4.68156607029463
"429",0,"S_cerv",6.10075172870135
"430",0,"S_cerv",3.31139321365468
"431",0,"S_cerv",4.58318374213883
"432",0,"S_cerv",4.19879261680888
"433",0,"S_cerv",4.98438015023283
"434",0,"S_cerv",5.63366036214245
"435",0,"S_cerv",4.7707213719983
"436",0,"S_cerv",4.45585159022465
"437",0,"S_cerv",7.97090361244724
"438",0,"S_cerv",5.84761997576764
"439",0,"S_cerv",4.94964680751707
"440",0,"S_cerv",5.93038481818135
"441",0,"S_cerv",6.59138599115746
"442",0,"S_cerv",5.40582068145404
"443",0,"S_cerv",4.08598057703909
"444",0,"S_cerv",4.52712945564791
"445",0,"S_cerv",4.67311360378424
"446",0,"S_cerv",4.56101428363868
"447",0,"S_cerv",6.40992429011272
"448",0,"S_cerv",4.67603935112712
"449",0,"S_cerv",5.16827143797074
"450",0,"S_cerv",6.73438656764269
"451",0,"S_cerv",5.55438058371115
"452",0,"S_cerv",4.45450057890753
"453",0,"S_cerv",5.97031995563916
"454",0,"S_cerv",3.51655389591614
"455",0,"S_cerv",6.25332206815073
"456",0,"S_cerv",4.10436915153091
"457",0,"S_cerv",5.17868348073441
"458",0,"S_cerv",5.47819358682454
"459",0,"S_cerv",3.82458219052838
"460",0,"S_cerv",5.31229911935737
"461",0,"S_cerv",3.67417777876319
"462",0,"S_cerv",4.30416199733469
"463",0,"S_cerv",4.76156318923048
"464",0,"S_cerv",3.03871532570412
"465",0,"S_cerv",5.5536445425949
"466",0,"S_cerv",4.70732780106938
"467",0,"S_cerv",4.90157014798336
"468",0,"S_cerv",6.17465461578554
"469",0,"S_cerv",4.43468014632261
"470",0,"S_cerv",4.854833885735
"471",0,"S_cerv",4.99613376103705
"472",0,"S_cerv",3.20275403950443
"473",0,"S_cerv",4.92363485174196
"474",0,"S_cerv",3.92097927913837
"475",0,"S_cerv",4.176447206561
"476",0,"S_cerv",4.31895651605065
"477",0,"S_cerv",5.85428002059252
"478",0,"S_cerv",5.38024523657429
"479",0,"S_cerv",6.0902551336527
"480",0,"S_cerv",3.05218284900485
"481",0,"S_cerv",4.13017811961083
"482",0,"S_cerv",5.63231423979536
"483",0,"S_cerv",6.51592185734439
"484",0,"S_cerv",5.6931671981678
"485",0,"S_cerv",4.96540616748927
"486",0,"S_cerv",4.53486410291069
"487",0,"S_cerv",5.85352231784898
"488",0,"S_cerv",5.15493635491887
"489",0,"S_cerv",4.67157989235231
"490",0,"S_cerv",3.69964018779684
"491",8,"S_cerv",7.12161606527603
"492",8,"S_cerv",9.04983878752341
"493",8,"S_cerv",7.52782513905233
"494",8,"S_cerv",7.65423187375453
"495",8,"S_cerv",6.15954951658303
"496",8,"S_cerv",5.82886531003252
"497",8,"S_cerv",7.42099608163601
"498",8,"S_cerv",7.87296799554992
"499",8,"S_cerv",5.29028540651261
"500",8,"S_cerv",6.60470414633666
"501",8,"S_cerv",4.79422454381822
"502",8,"S_cerv",7.81948546083824
"503",8,"S_cerv",7.75689260488941
"504",8,"S_cerv",7.53981282696667
"505",8,"S_cerv",5.9368401686989
"506",8,"S_cerv",6.92971758252648
"507",8,"S_cerv",8.00245438739336
"508",8,"S_cerv",8.06263589014644
"509",8,"S_cerv",7.34203531920005
"510",8,"S_cerv",7.22694218280838
"511",8,"S_cerv",5.96345619653413
"512",8,"S_cerv",8.76011953238999
"513",8,"S_cerv",7.69619167313182
"514",8,"S_cerv",7.51147204241553
"515",8,"S_cerv",7.62284784617024
"516",8,"S_cerv",6.47730805119914
"517",8,"S_cerv",6.53424720698917
"518",8,"S_cerv",7.04147385173454
"519",8,"S_cerv",7.40529137876466
"520",8,"S_cerv",6.95316713003521
"521",8,"S_cerv",7.18907999510897
"522",8,"S_cerv",8.88587454052067
"523",8,"S_cerv",6.84082553481734
"524",8,"S_cerv",6.06235295862529
"525",8,"S_cerv",7.68468125317866
"526",8,"S_cerv",6.03326438046661
"527",8,"S_cerv",7.54070139004208
"528",8,"S_cerv",7.43927904609311
"529",8,"S_cerv",6.66710916974337
"530",8,"S_cerv",5.97882452650665
"531",8,"S_cerv",6.10913971202517
"532",8,"S_cerv",8.2511992821719
"533",8,"S_cerv",5.33262711721494
"534",8,"S_cerv",7.11945274012611
"535",8,"S_cerv",8.57443296757268
"536",8,"S_cerv",8.54415836690328
"537",8,"S_cerv",6.85175564406415
"538",8,"S_cerv",5.5914680992387
"539",8,"S_cerv",7.5171429221762
"540",8,"S_cerv",8.05907221689495
"541",8,"S_cerv",5.13347390845862
"542",8,"S_cerv",5.97446428033825
"543",8,"S_cerv",6.94325700313584
"544",8,"S_cerv",7.88375080906208
"545",8,"S_cerv",7.20882606825815
"546",8,"S_cerv",7.29023191170143
"547",8,"S_cerv",6.41841726321437
"548",8,"S_cerv",6.33943648984287
"549",8,"S_cerv",5.92579380107548
"550",8,"S_cerv",6.52301497573837
"551",8,"S_cerv",7.65418099928434
"552",8,"S_cerv",6.3138381168566
"553",8,"S_cerv",6.45971168722287
"554",8,"S_cerv",6.07935688854806
"555",8,"S_cerv",5.59271357551967
"556",8,"S_cerv",9.36872952643292
"557",8,"S_cerv",7.42066091437246
"558",8,"S_cerv",6.86646625507785
"559",8,"S_cerv",7.53065683920645
"560",8,"S_cerv",6.8185287309767
"561",16,"S_cerv",8.2515679172748
"562",16,"S_cerv",6.47483935916606
"563",16,"S_cerv",9.53045203663383
"564",16,"S_cerv",7.70717802692108
"565",16,"S_cerv",8.61820799039109
"566",16,"S_cerv",8.13684034695813
"567",16,"S_cerv",7.62130151205314
"568",16,"S_cerv",8.87726284466033
"569",16,"S_cerv",8.13532106685591
"570",16,"S_cerv",8.63441673802648
"571",16,"S_cerv",8.42793104095385
"572",16,"S_cerv",7.04255440985712
"573",16,"S_cerv",10.0121017211021
"574",16,"S_cerv",9.94798383683826
"575",16,"S_cerv",8.18005873582565
"576",16,"S_cerv",6.93477919125752
"577",16,"S_cerv",8.85385083364471
"578",16,"S_cerv",7.56896097306502
"579",16,"S_cerv",8.01064882887292
"580",16,"S_cerv",9.25792018651442
"581",16,"S_cerv",8.42333099021057
"582",16,"S_cerv",8.35965234035357
"583",16,"S_cerv",8.39122169866428
"584",16,"S_cerv",9.6563393718888
"585",16,"S_cerv",8.3439859756408
"586",16,"S_cerv",8.42773152856318
"587",16,"S_cerv",9.35261218446595
"588",16,"S_cerv",7.43822232210548
"589",16,"S_cerv",8.87945995318284
"590",16,"S_cerv",10.6151553029288
"591",16,"S_cerv",6.76009829759831
"592",16,"S_cerv",9.527210342567
"593",16,"S_cerv",7.27777673726182
"594",16,"S_cerv",9.45781800766587
"595",16,"S_cerv",9.11300109896507
"596",16,"S_cerv",6.36936801737887
"597",16,"S_cerv",8.85119631461863
"598",16,"S_cerv",9.3340250731001
"599",16,"S_cerv",9.01069344366177
"600",16,"S_cerv",9.06556862723734
"601",16,"S_cerv",7.16849063353014
"602",16,"S_cerv",9.95324222239272
"603",16,"S_cerv",8.97066959529094
"604",16,"S_cerv",8.3846339640009
"605",16,"S_cerv",9.67466312222454
"606",16,"S_cerv",8.18459948079162
"607",16,"S_cerv",7.6554444838213
"608",16,"S_cerv",8.18576940545775
"609",16,"S_cerv",8.81229178292357
"610",16,"S_cerv",8.90134241455342
"611",16,"S_cerv",9.33550917839321
"612",16,"S_cerv",8.5851304633842
"613",16,"S_cerv",10.1959472627381
"614",16,"S_cerv",9.45982057297428
"615",16,"S_cerv",7.69100595146879
"616",16,"S_cerv",9.0649128298264
"617",16,"S_cerv",8.50143385755381
"618",16,"S_cerv",7.81041112931485
"619",16,"S_cerv",7.97869667606945
"620",16,"S_cerv",9.48013206720011
"621",16,"S_cerv",9.4207141560506
"622",16,"S_cerv",9.07669101029157
"623",16,"S_cerv",7.85526906324289
"624",16,"S_cerv",8.67466642036102
"625",16,"S_cerv",8.64052568708273
"626",16,"S_cerv",9.49503562286544
"627",16,"S_cerv",7.19612373465328
"628",16,"S_cerv",7.4623252458294
"629",16,"S_cerv",7.61599354390132
"630",16,"S_cerv",9.62975378285373
"631",24,"S_cerv",9.09804398530081
"632",24,"S_cerv",9.58427000924764
"633",24,"S_cerv",10.0810303235719
"634",24,"S_cerv",9.64354372601922
"635",24,"S_cerv",9.46009941082853
"636",24,"S_cerv",11.6038298668919
"637",24,"S_cerv",9.58887825799848
"638",24,"S_cerv",10.1667971859661
"639",24,"S_cerv",10.86036810076
"640",24,"S_cerv",8.845074436795
"641",24,"S_cerv",11.2309559764105
"642",24,"S_cerv",10.5325704309796
"643",24,"S_cerv",10.4342448969236
"644",24,"S_cerv",9.84086200282867
"645",24,"S_cerv",10.1568487330444
"646",24,"S_cerv",11.1837437415327
"647",24,"S_cerv",9.62450231477757
"648",24,"S_cerv",11.5749116081743
"649",24,"S_cerv",12.6550757738382
"650",24,"S_cerv",8.596478045163
"651",24,"S_cerv",9.56939120034764
"652",24,"S_cerv",10.7228398865107
"653",24,"S_cerv",9.73023557275877
"654",24,"S_cerv",8.72544494310354
"655",24,"S_cerv",7.9200639140878
"656",24,"S_cerv",9.71234551899515
"657",24,"S_cerv",9.54674938063149
"658",24,"S_cerv",9.63414943403747
"659",24,"S_cerv",10.2577288706122
"660",24,"S_cerv",9.45902709374484
"661",24,"S_cerv",10.5268140006385
"662",24,"S_cerv",7.40315715702953
"663",24,"S_cerv",10.8138055665746
"664",24,"S_cerv",11.8617695008884
"665",24,"S_cerv",9.50690149204851
"666",24,"S_cerv",9.04153457856819
"667",24,"S_cerv",9.05963870123381
"668",24,"S_cerv",11.2228500548327
"669",24,"S_cerv",8.81797051545012
"670",24,"S_cerv",9.47557434596311
"671",24,"S_cerv",10.1901890438088
"672",24,"S_cerv",8.64564698347894
"673",24,"S_cerv",10.5696659269123
"674",24,"S_cerv",11.742190421214
"675",24,"S_cerv",9.68162865863667
"676",24,"S_cerv",10.3764916794871
"677",24,"S_cerv",9.0859435780362
"678",24,"S_cerv",10.0228707079103
"679",24,"S_cerv",9.67002096839675
"680",24,"S_cerv",9.6620089845971
"681",24,"S_cerv",10.1177614892875
"682",24,"S_cerv",11.5707370136623
"683",24,"S_cerv",10.2235590291401
"684",24,"S_cerv",10.8737920409741
"685",24,"S_cerv",10.7432955897131
"686",24,"S_cerv",10.5043351206696
"687",24,"S_cerv",10.5887482331281
"688",24,"S_cerv",9.79170055241719
"689",24,"S_cerv",11.5535267487939
"690",24,"S_cerv",12.2046768910972
"691",24,"S_cerv",8.44421454828874
"692",24,"S_cerv",10.5485729536503
"693",24,"S_cerv",7.84665514742048
"694",24,"S_cerv",11.1140872990528
"695",24,"S_cerv",10.1244050549619
"696",24,"S_cerv",9.67265129873374
"697",24,"S_cerv",8.21989989380539
"698",24,"S_cerv",7.95368563204505
"699",24,"S_cerv",9.65575277851208
"700",24,"S_cerv",9.28549412554168
"701",32,"S_cerv",12.441507819104
"702",32,"S_cerv",11.7717737079044
"703",32,"S_cerv",13.3577014554699
"704",32,"S_cerv",14.37339430576
"705",32,"S_cerv",14.5034073137259
"706",32,"S_cerv",12.2361575602913
"707",32,"S_cerv",12.7082482197967
"708",32,"S_cerv",11.9271029887545
"709",32,"S_cerv",12.9546847481209
"710",32,"S_cerv",13.8115173515072
"711",32,"S_cerv",12.4324883718867
"712",32,"S_cerv",12.3067442500519
"713",32,"S_cerv",11.8867962110791
"714",32,"S_cerv",11.8053466046397
"715",32,"S_cerv",12.066268035382
"716",32,"S_cerv",12.3907145765898
"717",32,"S_cerv",13.2611416043891
"718",32,"S_cerv",11.8184124903877
"719",32,"S_cerv",12.2198859844188
"720",32,"S_cerv",13.5089636878187
"721",32,"S_cerv",12.1431451910516
"722",32,"S_cerv",12.5543971245009
"723",32,"S_cerv",10.748395356665
"724",32,"S_cerv",12.7598917276611
"725",32,"S_cerv",12.404106379126
"726",32,"S_cerv",12.4021453984019
"727",32,"S_cerv",13.8164167064506
"728",32,"S_cerv",13.7306796977652
"729",32,"S_cerv",12.885171908629
"730",32,"S_cerv",13.3010217476563
"731",32,"S_cerv",13.2340920781351
"732",32,"S_cerv",13.2204494555962
"733",32,"S_cerv",12.7001391382096
"734",32,"S_cerv",12.3630060574879
"735",32,"S_cerv",12.404631679726
"736",32,"S_cerv",12.4083698733923
"737",32,"S_cerv",11.0991683890803
"738",32,"S_cerv",13.0800219188916
"739",32,"S_cerv",13.9624402365843
"740",32,"S_cerv",10.6468240396477
"741",32,"S_cerv",12.5345547943741
"742",32,"S_cerv",13.8172553491237
"743",32,"S_cerv",10.7633996859074
"744",32,"S_cerv",11.7142847983513
"745",32,"S_cerv",13.4621870551293
"746",32,"S_cerv",13.7518033632859
"747",32,"S_cerv",13.0258678350592
"748",32,"S_cerv",11.5266244488104
"749",32,"S_cerv",11.4953474673864
"750",32,"S_cerv",13.3244627598927
"751",32,"S_cerv",13.9261429949864
"752",32,"S_cerv",12.2532483699416
"753",32,"S_cerv",13.2438818994493
"754",32,"S_cerv",13.2284388506029
"755",32,"S_cerv",11.8621011438464
"756",32,"S_cerv",13.2537547243352
"757",32,"S_cerv",11.926622886465
"758",32,"S_cerv",11.1259370572543
"759",32,"S_cerv",12.3386037818134
"760",32,"S_cerv",10.9697576170525
"761",32,"S_cerv",9.71816703472088
"762",32,"S_cerv",12.9432018414928
"763",32,"S_cerv",12.6537924511857
"764",32,"S_cerv",12.7478685711478
"765",32,"S_cerv",11.9417435567091
"766",32,"S_cerv",13.4767438711534
"767",32,"S_cerv",10.703025402611
"768",32,"S_cerv",11.1727985301596
"769",32,"S_cerv",13.4242066806398
"770",32,"S_cerv",12.2467726905183
"771",40,"S_cerv",15.1037333352027
"772",40,"S_cerv",15.1100107591705
"773",40,"S_cerv",16.3006024309546
"774",40,"S_cerv",13.7522035775851
"775",40,"S_cerv",15.3149805339944
"776",40,"S_cerv",14.495922535959
"777",40,"S_cerv",14.6663896964953
"778",40,"S_cerv",15.279811534995
"779",40,"S_cerv",16.618017177156
"780",40,"S_cerv",15.0623055775761
"781",40,"S_cerv",14.8155581813401
"782",40,"S_cerv",13.3596059626448
"783",40,"S_cerv",14.9259438214155
"784",40,"S_cerv",14.2093921708347
"785",40,"S_cerv",14.8749473551966
"786",40,"S_cerv",16.3014213071157
"787",40,"S_cerv",15.3255684480276
"788",40,"S_cerv",15.9493580222425
"789",40,"S_cerv",13.8159786945746
"790",40,"S_cerv",13.2064071994447
"791",40,"S_cerv",13.6593332643581
"792",40,"S_cerv",14.9927196545051
"793",40,"S_cerv",17.1543571444405
"794",40,"S_cerv",15.8389366424807
"795",40,"S_cerv",16.2527377241114
"796",40,"S_cerv",15.1227516299005
"797",40,"S_cerv",13.2358495630923
"798",40,"S_cerv",13.988911157353
"799",40,"S_cerv",14.6275209730935
"800",40,"S_cerv",14.5932049660801
"801",40,"S_cerv",16.0646205620018
"802",40,"S_cerv",16.5696915455293
"803",40,"S_cerv",15.1924591340872
"804",40,"S_cerv",13.8409947388951
"805",40,"S_cerv",14.2950636709345
"806",40,"S_cerv",14.5503357799259
"807",40,"S_cerv",14.2243437876013
"808",40,"S_cerv",16.3034930498777
"809",40,"S_cerv",16.2026055626143
"810",40,"S_cerv",15.081116621374
"811",40,"S_cerv",16.3060400943904
"812",40,"S_cerv",14.9225995807003
"813",40,"S_cerv",14.6130678165692
"814",40,"S_cerv",14.8176906496954
"815",40,"S_cerv",15.9540274828385
"816",40,"S_cerv",14.253219470655
"817",40,"S_cerv",15.3065312134523
"818",40,"S_cerv",14.9814967689171
"819",40,"S_cerv",16.031105785491
"820",40,"S_cerv",14.0688154898249
"821",40,"S_cerv",13.8388111338976
"822",40,"S_cerv",15.919274412398
"823",40,"S_cerv",12.5546506146326
"824",40,"S_cerv",12.9620297916682
"825",40,"S_cerv",14.3799345709766
"826",40,"S_cerv",15.3523267696786
"827",40,"S_cerv",13.9760079030102
"828",40,"S_cerv",14.7732734669719
"829",40,"S_cerv",14.5344891561613
"830",40,"S_cerv",14.865795531689
"831",40,"S_cerv",14.194816289345
"832",40,"S_cerv",15.9820553673884
"833",40,"S_cerv",14.3231135317821
"834",40,"S_cerv",14.0698638436246
"835",40,"S_cerv",15.3089618025018
"836",40,"S_cerv",15.4522096160459
"837",40,"S_cerv",16.02402144585
"838",40,"S_cerv",14.072064645902
"839",40,"S_cerv",14.1737029815475
"840",40,"S_cerv",15.6193505259869
"841",0,"S_bay",4.78865921874626
"842",0,"S_bay",5.42849272231024
"843",0,"S_bay",3.87960499446112
"844",0,"S_bay",4.93990620244119
"845",0,"S_bay",4.37449217558591
"846",0,"S_bay",4.36459104902527
"847",0,"S_bay",4.9537085705864
"848",0,"S_bay",5.31155498602558
"849",0,"S_bay",2.63942267805467
"850",0,"S_bay",4.26572560164935
"851",0,"S_bay",6.0046549881217
"852",0,"S_bay",5.12173427456047
"853",0,"S_bay",3.82536457116493
"854",0,"S_bay",4.48831527114398
"855",0,"S_bay",4.44577157230782
"856",0,"S_bay",5.36644065664859
"857",0,"S_bay",4.60126208404617
"858",0,"S_bay",4.88696032344186
"859",0,"S_bay",5.06162387867899
"860",0,"S_bay",4.50935206671915
"861",0,"S_bay",6.4564899661468
"862",0,"S_bay",4.29339838321452
"863",0,"S_bay",5.93851683618201
"864",0,"S_bay",3.89955434179536
"865",0,"S_bay",6.88515685783188
"866",0,"S_bay",4.12922837021456
"867",0,"S_bay",5.85819062083317
"868",0,"S_bay",4.77631475427287
"869",0,"S_bay",6.54538727924189
"870",0,"S_bay",5.72734375737828
"871",0,"S_bay",5.09390056295616
"872",0,"S_bay",5.29750838542638
"873",0,"S_bay",5.6568000301667
"874",0,"S_bay",4.94085172974849
"875",0,"S_bay",5.62282018090066
"876",0,"S_bay",6.263140249689
"877",0,"S_bay",4.0224717397872
"878",0,"S_bay",4.44910203042036
"879",0,"S_bay",4.4056612344272
"880",0,"S_bay",4.65484047914499
"881",0,"S_bay",5.09359560947526
"882",0,"S_bay",5.44454259767492
"883",0,"S_bay",4.82098632464411
"884",0,"S_bay",5.02233750533598
"885",0,"S_bay",4.00720465551332
"886",0,"S_bay",6.50688958342316
"887",0,"S_bay",3.76065312707455
"888",0,"S_bay",5.14373570349765
"889",0,"S_bay",4.01823859732336
"890",0,"S_bay",5.15742186307154
"891",0,"S_bay",3.78996116594708
"892",0,"S_bay",6.26931697887484
"893",0,"S_bay",5.80028006159425
"894",0,"S_bay",5.24747660169633
"895",0,"S_bay",4.04585424135456
"896",0,"S_bay",5.18522631665528
"897",0,"S_bay",6.67959911622054
"898",0,"S_bay",4.39167948117795
"899",0,"S_bay",4.51316515499655
"900",0,"S_bay",6.42061771334339
"901",0,"S_bay",5.04903627590328
"902",0,"S_bay",5.3124126785479
"903",0,"S_bay",4.73355503900328
"904",0,"S_bay",7.11768877759925
"905",0,"S_bay",5.25494110694878
"906",0,"S_bay",4.0289414685006
"907",0,"S_bay",5.48228749548529
"908",0,"S_bay",5.7680940605746
"909",0,"S_bay",5.0267885928274
"910",0,"S_bay",6.93388745322344
"911",8,"S_bay",7.66993804180259
"912",8,"S_bay",6.11425803939269
"913",8,"S_bay",5.35491129138684
"914",8,"S_bay",7.58494270038415
"915",8,"S_bay",5.75253614546732
"916",8,"S_bay",6.55589754869968
"917",8,"S_bay",6.41456737993602
"918",8,"S_bay",6.0129713906707
"919",8,"S_bay",7.01317148301865
"920",8,"S_bay",6.89458787050384
"921",8,"S_bay",5.58879930390347
"922",8,"S_bay",5.41965762189954
"923",8,"S_bay",5.60428708105705
"924",8,"S_bay",6.61997286134841
"925",8,"S_bay",4.95123351530137
"926",8,"S_bay",6.37753308423877
"927",8,"S_bay",6.59259906198328
"928",8,"S_bay",8.22989419070196
"929",8,"S_bay",5.42730434308866
"930",8,"S_bay",6.63060126415799
"931",8,"S_bay",5.55306744913099
"932",8,"S_bay",6.84888644458022
"933",8,"S_bay",4.87439820369928
"934",8,"S_bay",5.53955014202517
"935",8,"S_bay",6.75749915853182
"936",8,"S_bay",5.16137196064067
"937",8,"S_bay",6.08830727527062
"938",8,"S_bay",6.01366497094166
"939",8,"S_bay",6.66269319029149
"940",8,"S_bay",5.44841970339025
"941",8,"S_bay",4.76170325158596
"942",8,"S_bay",5.88423640246939
"943",8,"S_bay",5.10053111335755
"944",8,"S_bay",5.15699992254839
"945",8,"S_bay",5.68294668015677
"946",8,"S_bay",5.31084408703261
"947",8,"S_bay",6.08336776275437
"948",8,"S_bay",7.32985336031939
"949",8,"S_bay",3.84084711556543
"950",8,"S_bay",4.88942358327584
"951",8,"S_bay",5.64650555079485
"952",8,"S_bay",3.98530392363112
"953",8,"S_bay",4.63777821907097
"954",8,"S_bay",3.13868595742748
"955",8,"S_bay",6.07774595108687
"956",8,"S_bay",6.44549416957328
"957",8,"S_bay",6.11975402754362
"958",8,"S_bay",5.30324037964543
"959",8,"S_bay",5.68953271000469
"960",8,"S_bay",8.20384907400658
"961",8,"S_bay",4.61845587619468
"962",8,"S_bay",4.89402844373925
"963",8,"S_bay",4.94559900049671
"964",8,"S_bay",6.53472523916521
"965",8,"S_bay",4.98033261781774
"966",8,"S_bay",6.26661403434041
"967",8,"S_bay",6.75773123440974
"968",8,"S_bay",6.8137896850194
"969",8,"S_bay",7.52144632072032
"970",8,"S_bay",5.74081408718563
"971",8,"S_bay",5.81299645473619
"972",8,"S_bay",6.00605874341822
"973",8,"S_bay",5.79539510221365
"974",8,"S_bay",3.20185414179524
"975",8,"S_bay",4.54622470045417
"976",8,"S_bay",6.33791528132244
"977",8,"S_bay",5.70488215843285
"978",8,"S_bay",7.50509829450175
"979",8,"S_bay",6.0729845127242
"980",8,"S_bay",4.25536121935709
"981",16,"S_bay",6.02034088425331
"982",16,"S_bay",8.10827780739183
"983",16,"S_bay",6.29763941629088
"984",16,"S_bay",7.44126381198935
"985",16,"S_bay",6.21824167499157
"986",16,"S_bay",6.45573130242806
"987",16,"S_bay",7.15356052899771
"988",16,"S_bay",6.9205177947883
"989",16,"S_bay",5.4348101470454
"990",16,"S_bay",6.70141818593406
"991",16,"S_bay",6.06474278709842
"992",16,"S_bay",8.34159619720895
"993",16,"S_bay",6.86134723745657
"994",16,"S_bay",6.77090519218229
"995",16,"S_bay",6.76456861978056
"996",16,"S_bay",5.85523858078159
"997",16,"S_bay",5.18785744683057
"998",16,"S_bay",6.74019553369274
"999",16,"S_bay",6.58041775551165
"1000",16,"S_bay",6.43730758139494
"1001",16,"S_bay",7.22522855073332
"1002",16,"S_bay",5.95200758286351
"1003",16,"S_bay",7.07287912971381
"1004",16,"S_bay",8.51531959466839
"1005",16,"S_bay",7.29135985671471
"1006",16,"S_bay",6.97337985234795
"1007",16,"S_bay",9.6925785406033
"1008",16,"S_bay",6.72114053239334
"1009",16,"S_bay",7.50401116583499
"1010",16,"S_bay",7.48773993642836
"1011",16,"S_bay",7.46647861615075
"1012",16,"S_bay",6.97581764320654
"1013",16,"S_bay",8.36166962357146
"1014",16,"S_bay",7.17444753137501
"1015",16,"S_bay",6.35729892467742
"1016",16,"S_bay",6.19368815758982
"1017",16,"S_bay",6.87589470314554
"1018",16,"S_bay",9.57040173692067
"1019",16,"S_bay",7.79598235561445
"1020",16,"S_bay",5.89083745698193
"1021",16,"S_bay",5.73363392180464
"1022",16,"S_bay",7.054252316862
"1023",16,"S_bay",7.50048603706711
"1024",16,"S_bay",4.94036805477245
"1025",16,"S_bay",7.22269307959554
"1026",16,"S_bay",4.84200563766219
"1027",16,"S_bay",7.89822413973379
"1028",16,"S_bay",5.94630327685033
"1029",16,"S_bay",6.9013866731832
"1030",16,"S_bay",5.94558889924115
"1031",16,"S_bay",6.16475272182607
"1032",16,"S_bay",6.83201434233977
"1033",16,"S_bay",8.11401602329707
"1034",16,"S_bay",7.75691060051432
"1035",16,"S_bay",7.38342152906006
"1036",16,"S_bay",8.20619176419252
"1037",16,"S_bay",8.20922793925935
"1038",16,"S_bay",7.99535918807745
"1039",16,"S_bay",7.18576307898877
"1040",16,"S_bay",6.18363347997416
"1041",16,"S_bay",4.92939664484732
"1042",16,"S_bay",6.97157160416982
"1043",16,"S_bay",7.35561825599003
"1044",16,"S_bay",7.20838973372501
"1045",16,"S_bay",8.2446721398487
"1046",16,"S_bay",7.15595807252176
"1047",16,"S_bay",7.96011029393761
"1048",16,"S_bay",4.81097673955815
"1049",16,"S_bay",5.04361506888142
"1050",16,"S_bay",8.10123422899634
"1051",24,"S_bay",7.12783707215322
"1052",24,"S_bay",7.93482836035677
"1053",24,"S_bay",8.55960954249916
"1054",24,"S_bay",5.9705649692672
"1055",24,"S_bay",6.90327180571213
"1056",24,"S_bay",7.81273523611244
"1057",24,"S_bay",7.12789911740389
"1058",24,"S_bay",8.3030235262883
"1059",24,"S_bay",8.73477512222394
"1060",24,"S_bay",5.19231103455732
"1061",24,"S_bay",10.6083820407721
"1062",24,"S_bay",9.07961285103598
"1063",24,"S_bay",7.91638253326702
"1064",24,"S_bay",8.99953768125879
"1065",24,"S_bay",7.60091420961587
"1066",24,"S_bay",7.62431283796816
"1067",24,"S_bay",7.65726569987978
"1068",24,"S_bay",6.32733319029511
"1069",24,"S_bay",9.30120662262785
"1070",24,"S_bay",7.84104575341176
"1071",24,"S_bay",8.4817417078645
"1072",24,"S_bay",8.8176848314008
"1073",24,"S_bay",7.67457256219969
"1074",24,"S_bay",7.73259386166563
"1075",24,"S_bay",9.71632516840598
"1076",24,"S_bay",9.2376944584581
"1077",24,"S_bay",6.87767009789653
"1078",24,"S_bay",9.52026459153162
"1079",24,"S_bay",7.43060711823252
"1080",24,"S_bay",6.03389668473007
"1081",24,"S_bay",6.75686684891187
"1082",24,"S_bay",8.81025840676974
"1083",24,"S_bay",8.10475144494794
"1084",24,"S_bay",7.75300282321335
"1085",24,"S_bay",8.63793141701385
"1086",24,"S_bay",8.49237300847165
"1087",24,"S_bay",9.75066370459727
"1088",24,"S_bay",8.62848108492337
"1089",24,"S_bay",9.58566433176905
"1090",24,"S_bay",5.2658730824693
"1091",24,"S_bay",8.01990174609723
"1092",24,"S_bay",7.95254534797943
"1093",24,"S_bay",6.32570675657182
"1094",24,"S_bay",10.0177639891346
"1095",24,"S_bay",7.6981339442164
"1096",24,"S_bay",9.57239780136438
"1097",24,"S_bay",4.71236638624074
"1098",24,"S_bay",7.68588845800953
"1099",24,"S_bay",9.07759110313259
"1100",24,"S_bay",7.61557708261818
"1101",24,"S_bay",7.04611261236316
"1102",24,"S_bay",8.73252920072862
"1103",24,"S_bay",7.77966364735095
"1104",24,"S_bay",8.19718521555416
"1105",24,"S_bay",6.13803896491739
"1106",24,"S_bay",8.24340783650004
"1107",24,"S_bay",7.39702291369917
"1108",24,"S_bay",8.10532345565433
"1109",24,"S_bay",8.80281917243593
"1110",24,"S_bay",10.4139803675759
"1111",24,"S_bay",5.61357226448789
"1112",24,"S_bay",5.75354496757737
"1113",24,"S_bay",7.72790012190644
"1114",24,"S_bay",5.91071755596979
"1115",24,"S_bay",7.62654409657212
"1116",24,"S_bay",7.40254882953773
"1117",24,"S_bay",5.728710978532
"1118",24,"S_bay",8.19153224871521
"1119",24,"S_bay",9.0914555922019
"1120",24,"S_bay",6.55496769511691
"1121",32,"S_bay",10.308509563354
"1122",32,"S_bay",8.68365120722426
"1123",32,"S_bay",8.28947444217551
"1124",32,"S_bay",12.1790062010663
"1125",32,"S_bay",9.10278638953253
"1126",32,"S_bay",9.6514236621483
"1127",32,"S_bay",9.09222518335258
"1128",32,"S_bay",9.97960693753816
"1129",32,"S_bay",8.75411889319741
"1130",32,"S_bay",7.69755837382765
"1131",32,"S_bay",8.64763693950501
"1132",32,"S_bay",9.1115419462407
"1133",32,"S_bay",10.064930949652
"1134",32,"S_bay",9.19710909741716
"1135",32,"S_bay",9.94188054917543
"1136",32,"S_bay",9.67021004624547
"1137",32,"S_bay",9.58956072782163
"1138",32,"S_bay",8.71367985060777
"1139",32,"S_bay",9.62319075534306
"1140",32,"S_bay",8.25076226594655
"1141",32,"S_bay",7.51583231587606
"1142",32,"S_bay",8.32396698191887
"1143",32,"S_bay",9.2226849180139
"1144",32,"S_bay",9.42398843226659
"1145",32,"S_bay",10.8374643077432
"1146",32,"S_bay",8.98296099647025
"1147",32,"S_bay",8.70186490311864
"1148",32,"S_bay",8.02903056219573
"1149",32,"S_bay",9.48057531419248
"1150",32,"S_bay",8.42694529423331
"1151",32,"S_bay",8.921740912765
"1152",32,"S_bay",9.59599418281662
"1153",32,"S_bay",10.0289217352044
"1154",32,"S_bay",9.77319365506229
"1155",32,"S_bay",9.05582776243551
"1156",32,"S_bay",8.91779039187175
"1157",32,"S_bay",8.87072828987975
"1158",32,"S_bay",7.80773972120469
"1159",32,"S_bay",9.01791716728865
"1160",32,"S_bay",8.22628496926309
"1161",32,"S_bay",7.90251265811664
"1162",32,"S_bay",9.80203355580416
"1163",32,"S_bay",11.3683804718369
"1164",32,"S_bay",9.26528529774349
"1165",32,"S_bay",8.38125314545991
"1166",32,"S_bay",9.06028191147732
"1167",32,"S_bay",9.43578552423798
"1168",32,"S_bay",10.8314639095909
"1169",32,"S_bay",9.11428017628795
"1170",32,"S_bay",8.51473026404877
"1171",32,"S_bay",8.66587709454312
"1172",32,"S_bay",10.1615306746854
"1173",32,"S_bay",7.36177181343787
"1174",32,"S_bay",10.7336649981205
"1175",32,"S_bay",10.105674396711
"1176",32,"S_bay",9.37544156003733
"1177",32,"S_bay",8.57189246002642
"1178",32,"S_bay",8.74626264542473
"1179",32,"S_bay",7.39248072204296
"1180",32,"S_bay",7.99501912280687
"1181",32,"S_bay",10.5538157992031
"1182",32,"S_bay",8.836856247507
"1183",32,"S_bay",8.25783314459301
"1184",32,"S_bay",10.2312245029825
"1185",32,"S_bay",10.4063459429041
"1186",32,"S_bay",8.80107672629436
"1187",32,"S_bay",9.42011109868616
"1188",32,"S_bay",8.64100836647628
"1189",32,"S_bay",10.4095218245369
"1190",32,"S_bay",7.2536520362202
"1191",40,"S_bay",10.657192392848
"1192",40,"S_bay",9.39758208111035
"1193",40,"S_bay",10.2346107426501
"1194",40,"S_bay",11.4044314609201
"1195",40,"S_bay",12.0890152730132
"1196",40,"S_bay",9.87068164025034
"1197",40,"S_bay",8.51358847147708
"1198",40,"S_bay",9.96825706033408
"1199",40,"S_bay",11.4398477755905
"1200",40,"S_bay",9.50076828790252
"1201",40,"S_bay",10.9651692486418
"1202",40,"S_bay",10.6989366503652
"1203",40,"S_bay",11.815870757863
"1204",40,"S_bay",10.2641906791463
"1205",40,"S_bay",10.5484620504104
"1206",40,"S_bay",9.79391912652051
"1207",40,"S_bay",10.523462441389
"1208",40,"S_bay",8.77458739723259
"1209",40,"S_bay",10.9641316980293
"1210",40,"S_bay",9.7498250753678
"1211",40,"S_bay",11.304610578571
"1212",40,"S_bay",9.5873962748252
"1213",40,"S_bay",10.5208430804066
"1214",40,"S_bay",8.7288680020643
"1215",40,"S_bay",10.7733790183141
"1216",40,"S_bay",8.56363783511635
"1217",40,"S_bay",11.3275490183976
"1218",40,"S_bay",9.246424982349
"1219",40,"S_bay",8.76403555078299
"1220",40,"S_bay",9.4623788609488
"1221",40,"S_bay",10.8676870028039
"1222",40,"S_bay",11.4164780961888
"1223",40,"S_bay",11.5999367877762
"1224",40,"S_bay",9.46900613371973
"1225",40,"S_bay",9.08048243782958
"1226",40,"S_bay",8.61886391745572
"1227",40,"S_bay",9.70463474542937
"1228",40,"S_bay",10.3623703302833
"1229",40,"S_bay",12.1273566796314
"1230",40,"S_bay",9.38674256841123
"1231",40,"S_bay",10.4557505103698
"1232",40,"S_bay",12.0386071090617
"1233",40,"S_bay",10.8182443728333
"1234",40,"S_bay",12.6502528018355
"1235",40,"S_bay",10.0600757489815
"1236",40,"S_bay",11.1517768743427
"1237",40,"S_bay",8.30076480650323
"1238",40,"S_bay",8.98951679836115
"1239",40,"S_bay",10.8816700313416
"1240",40,"S_bay",8.90511883474044
"1241",40,"S_bay",9.68395677963021
"1242",40,"S_bay",9.71796786059561
"1243",40,"S_bay",10.6180383118114
"1244",40,"S_bay",10.0154870934092
"1245",40,"S_bay",10.3315159128416
"1246",40,"S_bay",10.9188606559791
"1247",40,"S_bay",10.3482799910982
"1248",40,"S_bay",10.6187871670354
"1249",40,"S_bay",9.68782287994729
"1250",40,"S_bay",8.0051004906859
"1251",40,"S_bay",11.8848903010696
"1252",40,"S_bay",11.1187433949846
"1253",40,"S_bay",10.0228639838559
"1254",40,"S_bay",9.23367679963233
"1255",40,"S_bay",10.1599522313662
"1256",40,"S_bay",11.2504166396458
"1257",40,"S_bay",9.70801071415014
"1258",40,"S_bay",8.94929662407175
"1259",40,"S_bay",9.95436693710912
"1260",40,"S_bay",10.54601281176
